{
    "class_name": "OpenAIModel",
    "model_name": "gpt-5.4",
    "model_input": "category.prompt_base\n\nLabels (one JSON field per label below):\n - prop1.name: prop1.description\n - prop2.name: prop2.description\n\nOutput format \u2014 types show the JSON type for each field; return one JSON object with exactly these keys:\n{\n  \"prop1.name\": \"boolean\",\n  \"prop2.name\": \"boolean\"\n}\n\nReturn valid JSON only: a single object with every key above. Use true/false for boolean fields. No markdown fences, no commentary.",
    "kwargs": {
        "examples": "handselected"
    },
    "evaluation_results": {
        "NPS All": {
            "KPI_CURRENT_VALUE": {
                "False": {
                    "precision": 0.96,
                    "recall": 0.8842105263157894,
                    "f1-score": 0.9205479452054794,
                    "support": 190.0
                },
                "True": {
                    "precision": 0.8735632183908046,
                    "recall": 0.9559748427672956,
                    "f1-score": 0.9129129129129129,
                    "support": 159.0
                },
                "accuracy": 0.9169054441260746,
                "macro avg": {
                    "precision": 0.9167816091954023,
                    "recall": 0.9200926845415425,
                    "f1-score": 0.9167304290591962,
                    "support": 349.0
                },
                "weighted avg": {
                    "precision": 0.9206204920462405,
                    "recall": 0.9169054441260746,
                    "f1-score": 0.9170695207512728,
                    "support": 349.0
                }
            },
            "KPI_TREND": {
                "False": {
                    "precision": 0.7748091603053435,
                    "recall": 0.8353909465020576,
                    "f1-score": 0.803960396039604,
                    "support": 243.0
                },
                "True": {
                    "precision": 0.5402298850574713,
                    "recall": 0.44339622641509435,
                    "f1-score": 0.48704663212435234,
                    "support": 106.0
                },
                "accuracy": 0.7163323782234957,
                "macro avg": {
                    "precision": 0.6575195226814075,
                    "recall": 0.639393586458576,
                    "f1-score": 0.6455035140819781,
                    "support": 349.0
                },
                "weighted avg": {
                    "precision": 0.7035615867343565,
                    "recall": 0.7163323782234957,
                    "f1-score": 0.7077057857960032,
                    "support": 349.0
                }
            },
            "KPI_HISTORICAL_COMPARISON": {
                "False": {
                    "precision": 0.9161073825503355,
                    "recall": 0.8863636363636364,
                    "f1-score": 0.900990099009901,
                    "support": 308.0
                },
                "True": {
                    "precision": 0.3137254901960784,
                    "recall": 0.3902439024390244,
                    "f1-score": 0.34782608695652173,
                    "support": 41.0
                },
                "accuracy": 0.828080229226361,
                "macro avg": {
                    "precision": 0.6149164363732069,
                    "recall": 0.6383037694013304,
                    "f1-score": 0.6244080929832114,
                    "support": 349.0
                },
                "weighted avg": {
                    "precision": 0.8453404553683169,
                    "recall": 0.828080229226361,
                    "f1-score": 0.836005215072398,
                    "support": 349.0
                }
            },
            "TARGET_OUTLOOK": {
                "False": {
                    "precision": 0.9834437086092715,
                    "recall": 0.8945783132530121,
                    "f1-score": 0.9369085173501577,
                    "support": 332.0
                },
                "True": {
                    "precision": 0.2553191489361702,
                    "recall": 0.7058823529411765,
                    "f1-score": 0.375,
                    "support": 17.0
                },
                "accuracy": 0.8853868194842407,
                "macro avg": {
                    "precision": 0.6193814287727208,
                    "recall": 0.8002303330970943,
                    "f1-score": 0.6559542586750788,
                    "support": 349.0
                },
                "weighted avg": {
                    "precision": 0.9479763231810688,
                    "recall": 0.8853868194842407,
                    "f1-score": 0.9095376153588893,
                    "support": 349.0
                }
            },
            "NPS_GOAL_REACHED": {
                "False": {
                    "precision": 1.0,
                    "recall": 1.0,
                    "f1-score": 1.0,
                    "support": 347.0
                },
                "True": {
                    "precision": 1.0,
                    "recall": 1.0,
                    "f1-score": 1.0,
                    "support": 2.0
                },
                "accuracy": 1.0,
                "macro avg": {
                    "precision": 1.0,
                    "recall": 1.0,
                    "f1-score": 1.0,
                    "support": 349.0
                },
                "weighted avg": {
                    "precision": 1.0,
                    "recall": 1.0,
                    "f1-score": 1.0,
                    "support": 349.0
                }
            },
            "METHODOLOGY_DEFINITION": {
                "False": {
                    "precision": 0.951048951048951,
                    "recall": 0.8369230769230769,
                    "f1-score": 0.8903436988543372,
                    "support": 325.0
                },
                "True": {
                    "precision": 0.15873015873015872,
                    "recall": 0.4166666666666667,
                    "f1-score": 0.22988505747126436,
                    "support": 24.0
                },
                "accuracy": 0.8080229226361032,
                "macro avg": {
                    "precision": 0.5548895548895549,
                    "recall": 0.6267948717948718,
                    "f1-score": 0.5601143781628007,
                    "support": 349.0
                },
                "weighted avg": {
                    "precision": 0.8965628449869136,
                    "recall": 0.8080229226361032,
                    "f1-score": 0.8449253395615184,
                    "support": 349.0
                }
            },
            "QUALITATIVE_ONLY": {
                "False": {
                    "precision": 0.8838951310861424,
                    "recall": 0.8082191780821918,
                    "f1-score": 0.8443649373881932,
                    "support": 292.0
                },
                "True": {
                    "precision": 0.3170731707317073,
                    "recall": 0.45614035087719296,
                    "f1-score": 0.37410071942446044,
                    "support": 57.0
                },
                "accuracy": 0.7507163323782235,
                "macro avg": {
                    "precision": 0.6004841509089248,
                    "recall": 0.6321797644796924,
                    "f1-score": 0.6092328284063269,
                    "support": 349.0
                },
                "weighted avg": {
                    "precision": 0.791319624667223,
                    "recall": 0.7507163323782235,
                    "f1-score": 0.7675596066605921,
                    "support": 349.0
                }
            },
            "nps_value_fix": {
                "correct_value": {
                    "precision": 1.0,
                    "recall": 0.9178082191780822,