{
    "class_name": "OpenAIModel",
    "model_name": "gpt-5.4",
    "model_input": "category.prompt_base\n\nLabels (one JSON field per label below):\n - prop1.name: prop1.description\n - prop2.name: prop2.description\n\nOutput format \u2014 types show the JSON type for each field; return one JSON object with exactly these keys:\n{\n  \"prop1.name\": \"boolean\",\n  \"prop2.name\": \"boolean\"\n}\n\nReturn valid JSON only: a single object with every key above. Use true/false for boolean fields. No markdown fences, no commentary.",
    "kwargs": {
        "examples": "handselected"
    },
    "evaluation_results": {
        "NPS All": {
            "KPI_CURRENT_VALUE": {
                "0": {
                    "precision": 0.9247311827956989,
                    "recall": 0.9052631578947369,
                    "f1-score": 0.9148936170212766,
                    "support": 190.0
                },
                "1": {
                    "precision": 0.8895705521472392,
                    "recall": 0.9119496855345912,
                    "f1-score": 0.9006211180124224,
                    "support": 159.0
                },
                "accuracy": 0.9083094555873925,
                "macro avg": {
                    "precision": 0.907150867471469,
                    "recall": 0.9086064217146641,
                    "f1-score": 0.9077573675168495,
                    "support": 349.0
                },
                "weighted avg": {
                    "precision": 0.9087124427581484,
                    "recall": 0.9083094555873925,
                    "f1-score": 0.9083912464126582,
                    "support": 349.0
                }
            },
            "KPI_TREND": {
                "0": {
                    "precision": 0.7936507936507936,
                    "recall": 0.823045267489712,
                    "f1-score": 0.8080808080808081,
                    "support": 243.0
                },
                "1": {
                    "precision": 0.5567010309278351,
                    "recall": 0.5094339622641509,
                    "f1-score": 0.5320197044334976,
                    "support": 106.0
                },
                "accuracy": 0.7277936962750716,
                "macro avg": {
                    "precision": 0.6751759122893144,
                    "recall": 0.6662396148769314,
                    "f1-score": 0.6700502562571529,
                    "support": 349.0
                },
                "weighted avg": {
                    "precision": 0.7216832439412417,
                    "recall": 0.7277936962750716,
                    "f1-score": 0.7242341691506794,
                    "support": 349.0
                }
            },
            "KPI_HISTORICAL_COMPARISON": {
                "0": {
                    "precision": 0.9194630872483222,
                    "recall": 0.8896103896103896,
                    "f1-score": 0.9042904290429042,
                    "support": 308.0
                },
                "1": {
                    "precision": 0.3333333333333333,
                    "recall": 0.4146341463414634,
                    "f1-score": 0.3695652173913043,
                    "support": 41.0
                },
                "accuracy": 0.833810888252149,
                "macro avg": {
                    "precision": 0.6263982102908278,
                    "recall": 0.6521222679759265,
                    "f1-score": 0.6369278232171043,
                    "support": 349.0
                },
                "weighted avg": {
                    "precision": 0.8506054370749281,
                    "recall": 0.833810888252149,
                    "f1-score": 0.841471707903318,
                    "support": 349.0
                }
            },
            "TARGET_OUTLOOK": {
                "0": {
                    "precision": 0.9803921568627451,
                    "recall": 0.9036144578313253,
                    "f1-score": 0.9404388714733543,
                    "support": 332.0
                },
                "1": {
                    "precision": 0.2558139534883721,
                    "recall": 0.6470588235294118,
                    "f1-score": 0.36666666666666664,
                    "support": 17.0
                },
                "accuracy": 0.8911174785100286,
                "macro avg": {
                    "precision": 0.6181030551755586,
                    "recall": 0.7753366406803686,
                    "f1-score": 0.6535527690700105,
                    "support": 349.0
                },
                "weighted avg": {
                    "precision": 0.9450975165837642,
                    "recall": 0.8911174785100286,
                    "f1-score": 0.9124900821274697,
                    "support": 349.0
                }
            },
            "NPS_GOAL_REACHED": {
                "0": {
                    "precision": 1.0,
                    "recall": 1.0,
                    "f1-score": 1.0,
                    "support": 347.0
                },
                "1": {
                    "precision": 1.0,
                    "recall": 1.0,
                    "f1-score": 1.0,
                    "support": 2.0
                },
                "accuracy": 1.0,
                "macro avg": {
                    "precision": 1.0,
                    "recall": 1.0,
                    "f1-score": 1.0,
                    "support": 349.0
                },
                "weighted avg": {
                    "precision": 1.0,
                    "recall": 1.0,
                    "f1-score": 1.0,
                    "support": 349.0
                }
            },
            "METHODOLOGY_DEFINITION": {
                "0": {
                    "precision": 0.9553264604810997,
                    "recall": 0.8553846153846154,
                    "f1-score": 0.9025974025974026,
                    "support": 325.0
                },
                "1": {
                    "precision": 0.1896551724137931,
                    "recall": 0.4583333333333333,
                    "f1-score": 0.2682926829268293,
                    "support": 24.0
                },
                "accuracy": 0.828080229226361,
                "macro avg": {
                    "precision": 0.5724908164474464,
                    "recall": 0.6568589743589743,
                    "f1-score": 0.585445042762116,
                    "support": 349.0
                },
                "weighted avg": {
                    "precision": 0.9026728475481044,
                    "recall": 0.828080229226361,
                    "f1-score": 0.8589775937948417,
                    "support": 349.0
                }
            },
            "QUALITATIVE_ONLY": {
                "0": {
                    "precision": 0.8909774436090225,
                    "recall": 0.8116438356164384,
                    "f1-score": 0.8494623655913979,
                    "support": 292.0
                },
                "1": {
                    "precision": 0.3373493975903614,
                    "recall": 0.49122807017543857,
                    "f1-score": 0.4,
                    "support": 57.0
                },
                "accuracy": 0.7593123209169055,
                "macro avg": {
                    "precision": 0.614163420599692,
                    "recall": 0.6514359528959385,
                    "f1-score": 0.624731182795699,
                    "support": 349.0
                },
                "weighted avg": {
                    "precision": 0.8005568171819059,
                    "recall": 0.7593123209169055,
                    "f1-score": 0.7760544720707399,
                    "support": 349.0
                }
            },
            "nps_value_fix": {
                "correct_value": {
                    "precision": 1.0,
                    "recall": 0.9041095890410958,
                    "f1-score": 0.9496402877697842,