{
    "class_name": "OpenAIModel",
    "model_name": "gpt-5.4",
    "model_input": "category.prompt_base\n\nLabels (one JSON field per label below):\n - prop1.name: prop1.description\n - prop2.name: prop2.description\n\nOutput format \u2014 types show the JSON type for each field; return one JSON object with exactly these keys:\n{\n  \"prop1.name\": \"boolean\",\n  \"prop2.name\": \"boolean\"\n}\n\nReturn valid JSON only: a single object with every key above. Use true/false for boolean fields. No markdown fences, no commentary.",
    "kwargs": {},
    "evaluation_results": {
        "NPS Category": {
            "KPI_CURRENT_VALUE": {
                "0": {
                    "precision": 0.9459459459459459,
                    "recall": 0.8974358974358975,
                    "f1-score": 0.9210526315789473,
                    "support": 195.0
                },
                "1": {
                    "precision": 0.8802395209580839,
                    "recall": 0.9363057324840764,
                    "f1-score": 0.9074074074074074,
                    "support": 157.0
                },
                "accuracy": 0.9147727272727273,
                "macro avg": {
                    "precision": 0.9130927334520149,
                    "recall": 0.9168708149599869,
                    "f1-score": 0.9142300194931774,
                    "support": 352.0
                },
                "weighted avg": {
                    "precision": 0.9166393870735189,
                    "recall": 0.9147727272727273,
                    "f1-score": 0.9149665514797095,
                    "support": 352.0
                }
            },
            "KPI_TREND": {
                "0": {
                    "precision": 0.7716535433070866,
                    "recall": 0.8634361233480177,
                    "f1-score": 0.814968814968815,
                    "support": 227.0
                },
                "1": {
                    "precision": 0.6836734693877551,
                    "recall": 0.536,
                    "f1-score": 0.600896860986547,
                    "support": 125.0
                },
                "accuracy": 0.7471590909090909,
                "macro avg": {
                    "precision": 0.7276635063474208,
                    "recall": 0.6997180616740089,
                    "f1-score": 0.707932837977681,
                    "support": 352.0
                },
                "weighted avg": {
                    "precision": 0.7404106193300511,
                    "recall": 0.7471590909090909,
                    "f1-score": 0.7389489449467028,
                    "support": 352.0
                }
            },
            "KPI_HISTORICAL_COMPARISON": {
                "0": {
                    "precision": 0.9108910891089109,
                    "recall": 0.9078947368421053,
                    "f1-score": 0.9093904448105437,
                    "support": 304.0
                },
                "1": {
                    "precision": 0.42857142857142855,
                    "recall": 0.4375,
                    "f1-score": 0.4329896907216495,
                    "support": 48.0
                },
                "accuracy": 0.84375,
                "macro avg": {
                    "precision": 0.6697312588401697,
                    "recall": 0.6726973684210527,
                    "f1-score": 0.6711900677660966,
                    "support": 352.0
                },
                "weighted avg": {
                    "precision": 0.8451202263083452,
                    "recall": 0.84375,
                    "f1-score": 0.8444267056166036,
                    "support": 352.0
                }
            },
            "TARGET_OUTLOOK": {
                "0": {
                    "precision": 0.9865771812080537,
                    "recall": 0.8776119402985074,
                    "f1-score": 0.9289099526066351,
                    "support": 335.0
                },
                "1": {
                    "precision": 0.24074074074074073,
                    "recall": 0.7647058823529411,
                    "f1-score": 0.36619718309859156,
                    "support": 17.0
                },
                "accuracy": 0.8721590909090909,
                "macro avg": {
                    "precision": 0.6136589609743972,
                    "recall": 0.8211589113257243,
                    "f1-score": 0.6475535678526133,
                    "support": 352.0
                },
                "weighted avg": {
                    "precision": 0.950556671299121,
                    "recall": 0.8721590909090909,
                    "f1-score": 0.9017334836247124,
                    "support": 352.0
                }
            },
            "NPS_GOAL_REACHED": {
                "0": {
                    "precision": 0.994269340974212,
                    "recall": 0.9971264367816092,
                    "f1-score": 0.9956958393113343,
                    "support": 348.0
                },
                "1": {
                    "precision": 0.6666666666666666,
                    "recall": 0.5,
                    "f1-score": 0.5714285714285714,
                    "support": 4.0
                },
                "accuracy": 0.9914772727272727,
                "macro avg": {
                    "precision": 0.8304680038204393,
                    "recall": 0.7485632183908046,
                    "f1-score": 0.7835622053699529,
                    "support": 352.0
                },
                "weighted avg": {
                    "precision": 0.9905465833116264,
                    "recall": 0.9914772727272727,
                    "f1-score": 0.990874620358121,
                    "support": 352.0
                }
            },
            "METHODOLOGY_DEFINITION": {
                "0": {
                    "precision": 0.9553264604810997,
                    "recall": 0.8580246913580247,
                    "f1-score": 0.9040650406504065,
                    "support": 324.0
                },
                "1": {
                    "precision": 0.2459016393442623,
                    "recall": 0.5357142857142857,
                    "f1-score": 0.33707865168539325,
                    "support": 28.0
                },
                "accuracy": 0.8323863636363636,
                "macro avg": {
                    "precision": 0.600614049912681,
                    "recall": 0.6968694885361553,
                    "f1-score": 0.6205718461678998,
                    "support": 352.0
                },
                "weighted avg": {
                    "precision": 0.8988949406179422,
                    "recall": 0.8323863636363636,
                    "f1-score": 0.8589638506190986,
                    "support": 352.0
                }
            },
            "QUALITATIVE_ONLY": {
                "0": {
                    "precision": 0.917910447761194,
                    "recall": 0.82,
                    "f1-score": 0.8661971830985915,
                    "support": 300.0
                },
                "1": {
                    "precision": 0.35714285714285715,
                    "recall": 0.5769230769230769,
                    "f1-score": 0.4411764705882353,
                    "support": 52.0
                },
                "accuracy": 0.7840909090909091,
                "macro avg": {
                    "precision": 0.6375266524520256,
                    "recall": 0.6984615384615385,
                    "f1-score": 0.6536868268434134,
                    "support": 352.0
                },
                "weighted avg": {
                    "precision": 0.8350697809653034,
                    "recall": 0.784090909090909,
                    "f1-score": 0.8034100323868344,
                    "support": 352.0
                }
            },
            "time_per_snippet": 1.3122555482954545
        }
    }
}