{
    "class_name": "LLM",
    "model_name": "Qwen/Qwen3-8B",
    "model_input": "category.prompt_base\n\nLabels (one JSON field per label below):\n - prop1.name: prop1.description\n - prop2.name: prop2.description\n\nOutput format \u2014 types show the JSON type for each field; return one JSON object with exactly these keys:\n{\n  \"prop1.name\": \"boolean\",\n  \"prop2.name\": \"boolean\"\n}\n\nReturn valid JSON only: a single object with every key above. Use true/false for boolean fields. No markdown fences, no commentary.",
    "kwargs": {
        "enable_thinking": false
    },
    "evaluation_results": {
        "NPS All": {
            "KPI_CURRENT_VALUE": {
                "False": {
                    "precision": 0.8392857142857143,
                    "recall": 0.7421052631578947,
                    "f1-score": 0.7877094972067039,
                    "support": 190.0
                },
                "True": {
                    "precision": 0.7292817679558011,
                    "recall": 0.8301886792452831,
                    "f1-score": 0.7764705882352941,
                    "support": 159.0
                },
                "accuracy": 0.7822349570200573,
                "macro avg": {
                    "precision": 0.7842837411207577,
                    "recall": 0.7861469712015889,
                    "f1-score": 0.782090042720999,
                    "support": 349.0
                },
                "weighted avg": {
                    "precision": 0.7891693032070434,
                    "recall": 0.7822349570200573,
                    "f1-score": 0.7825891919733109,
                    "support": 349.0
                }
            },
            "KPI_TREND": {
                "False": {
                    "precision": 0.7697594501718213,
                    "recall": 0.9218106995884774,
                    "f1-score": 0.8389513108614233,
                    "support": 243.0
                },
                "True": {
                    "precision": 0.6724137931034483,
                    "recall": 0.36792452830188677,
                    "f1-score": 0.47560975609756095,
                    "support": 106.0
                },
                "accuracy": 0.7535816618911175,
                "macro avg": {
                    "precision": 0.7210866216376348,
                    "recall": 0.6448676139451821,
                    "f1-score": 0.6572805334794921,
                    "support": 349.0
                },
                "weighted avg": {
                    "precision": 0.7401931474519143,
                    "recall": 0.7535816618911175,
                    "f1-score": 0.7285954231681011,
                    "support": 349.0
                }
            },
            "KPI_HISTORICAL_COMPARISON": {
                "False": {
                    "precision": 0.9311926605504587,
                    "recall": 0.6590909090909091,
                    "f1-score": 0.7718631178707225,
                    "support": 308.0
                },
                "True": {
                    "precision": 0.1984732824427481,
                    "recall": 0.6341463414634146,
                    "f1-score": 0.3023255813953488,
                    "support": 41.0
                },
                "accuracy": 0.6561604584527221,
                "macro avg": {
                    "precision": 0.5648329714966034,
                    "recall": 0.6466186252771619,
                    "f1-score": 0.5370943496330356,
                    "support": 349.0
                },
                "weighted avg": {
                    "precision": 0.8451138797412435,
                    "recall": 0.6561604584527221,
                    "f1-score": 0.7167025476830712,
                    "support": 349.0
                }
            },
            "TARGET_OUTLOOK": {
                "False": {
                    "precision": 0.96,
                    "recall": 0.8674698795180723,
                    "f1-score": 0.9113924050632911,
                    "support": 332.0
                },
                "True": {
                    "precision": 0.10204081632653061,
                    "recall": 0.29411764705882354,
                    "f1-score": 0.15151515151515152,
                    "support": 17.0
                },
                "accuracy": 0.839541547277937,
                "macro avg": {
                    "precision": 0.5310204081632652,
                    "recall": 0.5807937632884479,
                    "f1-score": 0.5314537782892214,
                    "support": 349.0
                },
                "weighted avg": {
                    "precision": 0.9182082919127535,
                    "recall": 0.839541547277937,
                    "f1-score": 0.8743783268102298,
                    "support": 349.0
                }
            },
            "NPS_GOAL_REACHED": {
                "False": {
                    "precision": 1.0,
                    "recall": 0.9913544668587896,
                    "f1-score": 0.9956584659913169,
                    "support": 347.0
                },
                "True": {
                    "precision": 0.4,
                    "recall": 1.0,
                    "f1-score": 0.5714285714285714,
                    "support": 2.0
                },
                "accuracy": 0.9914040114613181,
                "macro avg": {
                    "precision": 0.7,
                    "recall": 0.9956772334293948,
                    "f1-score": 0.7835435187099442,
                    "support": 349.0
                },
                "weighted avg": {
                    "precision": 0.9965616045845272,
                    "recall": 0.9914040114613181,
                    "f1-score": 0.9932273491170318,
                    "support": 349.0
                }
            },
            "METHODOLOGY_DEFINITION": {
                "False": {
                    "precision": 0.9512987012987013,
                    "recall": 0.9015384615384615,
                    "f1-score": 0.9257503949447078,
                    "support": 325.0
                },
                "True": {
                    "precision": 0.21951219512195122,
                    "recall": 0.375,
                    "f1-score": 0.27692307692307694,
                    "support": 24.0
                },
                "accuracy": 0.8653295128939829,
                "macro avg": {
                    "precision": 0.5854054482103263,
                    "recall": 0.6382692307692308,
                    "f1-score": 0.6013367359338924,
                    "support": 349.0
                },
                "weighted avg": {
                    "precision": 0.9009752739398416,
                    "recall": 0.8653295128939829,
                    "f1-score": 0.8811318974303263,
                    "support": 349.0
                }
            },
            "QUALITATIVE_ONLY": {
                "False": {
                    "precision": 0.8679245283018868,
                    "recall": 0.7876712328767124,
                    "f1-score": 0.8258527827648114,
                    "support": 292.0
                },
                "True": {
                    "precision": 0.2619047619047619,
                    "recall": 0.38596491228070173,
                    "f1-score": 0.3120567375886525,
                    "support": 57.0
                },
                "accuracy": 0.7220630372492837,
                "macro avg": {
                    "precision": 0.5649146451033243,
                    "recall": 0.5868180725787071,
                    "f1-score": 0.568954760176732,
                    "support": 349.0
                },
                "weighted avg": {
                    "precision": 0.7689470879447632,
                    "recall": 0.7220630372492837,
                    "f1-score": 0.7419376693692783,
                    "support": 349.0
                }
            },