{
    "class_name": "BGE_Base",
    "model_name": "BAAI/bge-m3",
    "model_input": "",
    "kwargs": {},
    "evaluation_results": {
        "NPS Category": {
            "KPI_CURRENT_VALUE": {
                "0": {
                    "precision": 0.8271604938271605,
                    "recall": 0.7528089887640449,
                    "f1-score": 0.788235294117647,
                    "support": 89.0
                },
                "1": {
                    "precision": 0.6333333333333333,
                    "recall": 0.7307692307692307,
                    "f1-score": 0.6785714285714286,
                    "support": 52.0
                },
                "accuracy": 0.7446808510638298,
                "macro avg": {
                    "precision": 0.730246913580247,
                    "recall": 0.7417891097666378,
                    "f1-score": 0.7334033613445379,
                    "support": 141.0
                },
                "weighted avg": {
                    "precision": 0.7556781367656071,
                    "recall": 0.7446808510638298,
                    "f1-score": 0.747791882710531,
                    "support": 141.0
                }
            },
            "KPI_TREND": {
                "0": {
                    "precision": 0.7938144329896907,
                    "recall": 0.875,
                    "f1-score": 0.8324324324324325,
                    "support": 88.0
                },
                "1": {
                    "precision": 0.75,
                    "recall": 0.6226415094339622,
                    "f1-score": 0.6804123711340206,
                    "support": 53.0
                },
                "accuracy": 0.7801418439716312,
                "macro avg": {
                    "precision": 0.7719072164948453,
                    "recall": 0.7488207547169812,
                    "f1-score": 0.7564224017832266,
                    "support": 141.0
                },
                "weighted avg": {
                    "precision": 0.777345178036119,
                    "recall": 0.7801418439716312,
                    "f1-score": 0.7752901398876393,
                    "support": 141.0
                }
            },
            "KPI_HISTORICAL_COMPARISON": {
                "0": {
                    "precision": 0.9133858267716536,
                    "recall": 0.9206349206349206,
                    "f1-score": 0.9169960474308301,
                    "support": 126.0
                },
                "1": {
                    "precision": 0.2857142857142857,
                    "recall": 0.26666666666666666,
                    "f1-score": 0.27586206896551724,
                    "support": 15.0
                },
                "accuracy": 0.851063829787234,
                "macro avg": {
                    "precision": 0.5995500562429696,
                    "recall": 0.5936507936507937,
                    "f1-score": 0.5964290581981737,
                    "support": 141.0
                },
                "weighted avg": {
                    "precision": 0.8466122585740613,
                    "recall": 0.851063829787234,
                    "f1-score": 0.8487903050409032,
                    "support": 141.0
                }
            },
            "TARGET_OUTLOOK": {
                "0": {
                    "precision": 0.9632352941176471,
                    "recall": 0.9924242424242424,
                    "f1-score": 0.9776119402985075,
                    "support": 132.0
                },
                "1": {
                    "precision": 0.8,
                    "recall": 0.4444444444444444,
                    "f1-score": 0.5714285714285714,
                    "support": 9.0
                },
                "accuracy": 0.9574468085106383,
                "macro avg": {
                    "precision": 0.8816176470588235,
                    "recall": 0.7184343434343434,
                    "f1-score": 0.7745202558635395,
                    "support": 141.0
                },
                "weighted avg": {
                    "precision": 0.9528160200250313,
                    "recall": 0.9574468085106383,
                    "f1-score": 0.9516853422855329,
                    "support": 141.0
                }
            },
            "NPS_GOAL_REACHED": {
                "0": {
                    "precision": 1.0,
                    "recall": 1.0,
                    "f1-score": 1.0,
                    "support": 141.0
                },
                "accuracy": 1.0,
                "macro avg": {
                    "precision": 1.0,
                    "recall": 1.0,
                    "f1-score": 1.0,
                    "support": 141.0
                },
                "weighted avg": {
                    "precision": 1.0,
                    "recall": 1.0,
                    "f1-score": 1.0,
                    "support": 141.0
                }
            },
            "METHODOLOGY_DEFINITION": {
                "0": {
                    "precision": 0.9541984732824428,
                    "recall": 0.9615384615384616,
                    "f1-score": 0.9578544061302682,
                    "support": 130.0
                },
                "1": {
                    "precision": 0.5,
                    "recall": 0.45454545454545453,
                    "f1-score": 0.47619047619047616,
                    "support": 11.0
                },
                "accuracy": 0.9219858156028369,
                "macro avg": {
                    "precision": 0.7270992366412214,
                    "recall": 0.708041958041958,
                    "f1-score": 0.7170224411603722,
                    "support": 141.0
                },
                "weighted avg": {
                    "precision": 0.9187645498348764,
                    "recall": 0.9219858156028369,
                    "f1-score": 0.9202777874824829,
                    "support": 141.0
                }
            },
            "QUALITATIVE_ONLY": {
                "0": {
                    "precision": 0.9541284403669725,
                    "recall": 0.8524590163934426,
                    "f1-score": 0.9004329004329005,
                    "support": 122.0
                },
                "1": {
                    "precision": 0.4375,
                    "recall": 0.7368421052631579,
                    "f1-score": 0.5490196078431373,
                    "support": 19.0
                },
                "accuracy": 0.8368794326241135,
                "macro avg": {
                    "precision": 0.6958142201834863,
                    "recall": 0.7946505608283002,
                    "f1-score": 0.7247262541380188,
                    "support": 141.0
                },
                "weighted avg": {
                    "precision": 0.88451184201965,
                    "recall": 0.8368794326241135,
                    "f1-score": 0.8530793361832161,
                    "support": 141.0
                }
            },
            "time_per_snippet": 0.15061141843971632
        }
    }
}