{
    "class_name": "BGE_Base",
    "model_name": "BAAI/bge-m3",
    "model_input": "",
    "kwargs": {
        "examples": "handselected"
    },
    "evaluation_results": {
        "NPS Category": {
            "KPI_CURRENT_VALUE": {
                "0": {
                    "precision": 0.764102564102564,
                    "recall": 0.7842105263157895,
                    "f1-score": 0.7740259740259741,
                    "support": 190.0
                },
                "1": {
                    "precision": 0.7337662337662337,
                    "recall": 0.710691823899371,
                    "f1-score": 0.7220447284345048,
                    "support": 159.0
                },
                "accuracy": 0.7507163323782235,
                "macro avg": {
                    "precision": 0.7489343989343988,
                    "recall": 0.7474511751075803,
                    "f1-score": 0.7480353512302395,
                    "support": 349.0
                },
                "weighted avg": {
                    "precision": 0.7502817144650955,
                    "recall": 0.7507163323782235,
                    "f1-score": 0.7503439738854479,
                    "support": 349.0
                }
            },
            "KPI_TREND": {
                "0": {
                    "precision": 0.8225108225108225,
                    "recall": 0.7818930041152263,
                    "f1-score": 0.8016877637130801,
                    "support": 243.0
                },
                "1": {
                    "precision": 0.5508474576271186,
                    "recall": 0.6132075471698113,
                    "f1-score": 0.5803571428571429,
                    "support": 106.0
                },
                "accuracy": 0.7306590257879656,
                "macro avg": {
                    "precision": 0.6866791400689706,
                    "recall": 0.6975502756425188,
                    "f1-score": 0.6910224532851115,
                    "support": 349.0
                },
                "weighted avg": {
                    "precision": 0.7399998864716459,
                    "recall": 0.7306590257879656,
                    "f1-score": 0.7344641367482397,
                    "support": 349.0
                }
            },
            "KPI_HISTORICAL_COMPARISON": {
                "0": {
                    "precision": 0.9137380191693291,
                    "recall": 0.9285714285714286,
                    "f1-score": 0.9210950080515298,
                    "support": 308.0
                },
                "1": {
                    "precision": 0.3888888888888889,
                    "recall": 0.34146341463414637,
                    "f1-score": 0.36363636363636365,
                    "support": 41.0
                },
                "accuracy": 0.8595988538681948,
                "macro avg": {
                    "precision": 0.651313454029109,
                    "recall": 0.6350174216027875,
                    "f1-score": 0.6423656858439467,
                    "support": 349.0
                },
                "weighted avg": {
                    "precision": 0.8520795253541484,
                    "recall": 0.8595988538681948,
                    "f1-score": 0.8556055971030432,
                    "support": 349.0
                }
            },
            "TARGET_OUTLOOK": {
                "0": {
                    "precision": 0.9787234042553191,
                    "recall": 0.9698795180722891,
                    "f1-score": 0.9742813918305597,
                    "support": 332.0
                },
                "1": {
                    "precision": 0.5,
                    "recall": 0.5882352941176471,
                    "f1-score": 0.5405405405405406,
                    "support": 17.0
                },
                "accuracy": 0.9512893982808023,
                "macro avg": {
                    "precision": 0.7393617021276595,
                    "recall": 0.7790574060949681,
                    "f1-score": 0.7574109661855501,
                    "support": 349.0
                },
                "weighted avg": {
                    "precision": 0.9554044991769798,
                    "recall": 0.9512893982808023,
                    "f1-score": 0.9531536139740256,
                    "support": 349.0
                }
            },
            "NPS_GOAL_REACHED": {
                "0": {
                    "precision": 0.994269340974212,
                    "recall": 1.0,
                    "f1-score": 0.9971264367816092,
                    "support": 347.0
                },
                "1": {
                    "precision": 0.0,
                    "recall": 0.0,
                    "f1-score": 0.0,
                    "support": 2.0
                },
                "accuracy": 0.994269340974212,
                "macro avg": {
                    "precision": 0.497134670487106,
                    "recall": 0.5,
                    "f1-score": 0.4985632183908046,
                    "support": 349.0
                },
                "weighted avg": {
                    "precision": 0.988571522401294,
                    "recall": 0.994269340974212,
                    "f1-score": 0.9914122451668148,
                    "support": 349.0
                }
            },
            "METHODOLOGY_DEFINITION": {
                "0": {
                    "precision": 0.954954954954955,
                    "recall": 0.9784615384615385,
                    "f1-score": 0.9665653495440729,
                    "support": 325.0
                },
                "1": {
                    "precision": 0.5625,
                    "recall": 0.375,
                    "f1-score": 0.45,
                    "support": 24.0
                },
                "accuracy": 0.9369627507163324,
                "macro avg": {
                    "precision": 0.7587274774774775,
                    "recall": 0.6767307692307692,
                    "f1-score": 0.7082826747720364,
                    "support": 349.0
                },
                "weighted avg": {
                    "precision": 0.927966648597021,
                    "recall": 0.9369627507163324,
                    "f1-score": 0.9310422309507843,
                    "support": 349.0
                }
            },
            "QUALITATIVE_ONLY": {
                "0": {
                    "precision": 0.8847457627118644,
                    "recall": 0.8938356164383562,
                    "f1-score": 0.889267461669506,
                    "support": 292.0
                },
                "1": {
                    "precision": 0.42592592592592593,
                    "recall": 0.40350877192982454,
                    "f1-score": 0.4144144144144144,
                    "support": 57.0
                },
                "accuracy": 0.8137535816618912,
                "macro avg": {
                    "precision": 0.6553358443188952,
                    "recall": 0.6486721941840904,
                    "f1-score": 0.6518409380419602,
                    "support": 349.0
                },
                "weighted avg": {
                    "precision": 0.8098095716035594,
                    "recall": 0.8137535816618912,
                    "f1-score": 0.8117126659860097,
                    "support": 349.0
                }
            },
            "time_per_snippet": 0.1397155787965616
        },
        "Has Numeric NPS": {
            "has_numeric_nps": {
                "0": {
                    "precision": 0.7435897435897436,
                    "recall": 0.7923497267759563,
                    "f1-score": 0.7671957671957672,
                    "support": 183.0
                },
                "1": {
                    "precision": 0.7532467532467533,
                    "recall": 0.6987951807228916,
                    "f1-score": 0.725,
                    "support": 166.0
                },