{
    "class_name": "BGE_Base",
    "model_name": "sentence-transformers/paraphrase-multilingual-MiniLM-L12-v2",
    "model_input": "",
    "kwargs": {
        "examples": "handselected"
    },
    "evaluation_results": {
        "NPS Category": {
            "KPI_CURRENT_VALUE": {
                "0": {
                    "precision": 0.6938775510204082,
                    "recall": 0.7157894736842105,
                    "f1-score": 0.7046632124352331,
                    "support": 190.0
                },
                "1": {
                    "precision": 0.6470588235294118,
                    "recall": 0.6226415094339622,
                    "f1-score": 0.6346153846153846,
                    "support": 159.0
                },
                "accuracy": 0.673352435530086,
                "macro avg": {
                    "precision": 0.67046818727491,
                    "recall": 0.6692154915590864,
                    "f1-score": 0.6696392985253088,
                    "support": 349.0
                },
                "weighted avg": {
                    "precision": 0.6725475290402695,
                    "recall": 0.673352435530086,
                    "f1-score": 0.672750305204987,
                    "support": 349.0
                }
            },
            "KPI_TREND": {
                "0": {
                    "precision": 0.8082191780821918,
                    "recall": 0.7283950617283951,
                    "f1-score": 0.7662337662337663,
                    "support": 243.0
                },
                "1": {
                    "precision": 0.49230769230769234,
                    "recall": 0.6037735849056604,
                    "f1-score": 0.5423728813559322,
                    "support": 106.0
                },
                "accuracy": 0.6905444126074498,
                "macro avg": {
                    "precision": 0.6502634351949421,
                    "recall": 0.6660843233170277,
                    "f1-score": 0.6543033237948492,
                    "support": 349.0
                },
                "weighted avg": {
                    "precision": 0.7122689846950945,
                    "recall": 0.6905444126074498,
                    "f1-score": 0.6982416350101261,
                    "support": 349.0
                }
            },
            "KPI_HISTORICAL_COMPARISON": {
                "0": {
                    "precision": 0.9204152249134948,
                    "recall": 0.8636363636363636,
                    "f1-score": 0.8911222780569514,
                    "support": 308.0
                },
                "1": {
                    "precision": 0.3,
                    "recall": 0.43902439024390244,
                    "f1-score": 0.3564356435643564,
                    "support": 41.0
                },
                "accuracy": 0.8137535816618912,
                "macro avg": {
                    "precision": 0.6102076124567474,
                    "recall": 0.6513303769401331,
                    "f1-score": 0.6237789608106539,
                    "support": 349.0
                },
                "weighted avg": {
                    "precision": 0.8475297686915657,
                    "recall": 0.8137535816618912,
                    "f1-score": 0.8283080889045262,
                    "support": 349.0
                }
            },
            "TARGET_OUTLOOK": {
                "0": {
                    "precision": 0.9787878787878788,
                    "recall": 0.9728915662650602,
                    "f1-score": 0.9758308157099698,
                    "support": 332.0
                },
                "1": {
                    "precision": 0.5263157894736842,
                    "recall": 0.5882352941176471,
                    "f1-score": 0.5555555555555556,
                    "support": 17.0
                },
                "accuracy": 0.9541547277936963,
                "macro avg": {
                    "precision": 0.7525518341307815,
                    "recall": 0.7805634301913537,
                    "f1-score": 0.7656931856327627,
                    "support": 349.0
                },
                "weighted avg": {
                    "precision": 0.9567476910562418,
                    "recall": 0.9541547277936963,
                    "f1-score": 0.955358954900156,
                    "support": 349.0
                }
            },
            "NPS_GOAL_REACHED": {
                "0": {
                    "precision": 0.994269340974212,
                    "recall": 1.0,
                    "f1-score": 0.9971264367816092,
                    "support": 347.0
                },
                "1": {
                    "precision": 0.0,
                    "recall": 0.0,
                    "f1-score": 0.0,
                    "support": 2.0
                },
                "accuracy": 0.994269340974212,
                "macro avg": {
                    "precision": 0.497134670487106,
                    "recall": 0.5,
                    "f1-score": 0.4985632183908046,
                    "support": 349.0
                },
                "weighted avg": {
                    "precision": 0.988571522401294,
                    "recall": 0.994269340974212,
                    "f1-score": 0.9914122451668148,
                    "support": 349.0
                }
            },
            "METHODOLOGY_DEFINITION": {
                "0": {
                    "precision": 0.9472049689440993,
                    "recall": 0.9384615384615385,
                    "f1-score": 0.9428129829984544,
                    "support": 325.0
                },
                "1": {
                    "precision": 0.25925925925925924,
                    "recall": 0.2916666666666667,
                    "f1-score": 0.27450980392156865,
                    "support": 24.0
                },
                "accuracy": 0.8939828080229226,
                "macro avg": {
                    "precision": 0.6032321141016793,
                    "recall": 0.6150641025641026,
                    "f1-score": 0.6086613934600116,
                    "support": 349.0
                },
                "weighted avg": {
                    "precision": 0.8998963814586088,
                    "recall": 0.8939828080229226,
                    "f1-score": 0.8968551712567773,
                    "support": 349.0
                }
            },
            "QUALITATIVE_ONLY": {
                "0": {
                    "precision": 0.8782287822878229,
                    "recall": 0.815068493150685,
                    "f1-score": 0.8454706927175843,
                    "support": 292.0
                },
                "1": {
                    "precision": 0.3076923076923077,
                    "recall": 0.42105263157894735,
                    "f1-score": 0.35555555555555557,
                    "support": 57.0
                },
                "accuracy": 0.7507163323782235,
                "macro avg": {
                    "precision": 0.5929605449900652,
                    "recall": 0.6180605623648161,
                    "f1-score": 0.60051312413657,
                    "support": 349.0
                },
                "weighted avg": {
                    "precision": 0.7850466073538849,
                    "recall": 0.7507163323782235,
                    "f1-score": 0.7654558995421241,
                    "support": 349.0
                }
            },
            "time_per_snippet": 0.02813402005730659
        },
        "Has Numeric NPS": {
            "has_numeric_nps": {
                "0": {
                    "precision": 0.6428571428571429,
                    "recall": 0.639344262295082,
                    "f1-score": 0.6410958904109589,
                    "support": 183.0
                },
                "1": {
                    "precision": 0.6047904191616766,
                    "recall": 0.608433734939759,