{
    "class_name": "QWEN_Advanced",
    "model_name": "Qwen/Qwen3-Embedding-4B",
    "model_input": "",
    "kwargs": {
        "optimized": "true"
    },
    "evaluation_results": {
        "NPS Category": {
            "KPI_CURRENT_VALUE": {
                "False": {
                    "precision": 0.8368421052631579,
                    "recall": 0.8368421052631579,
                    "f1-score": 0.8368421052631579,
                    "support": 190.0
                },
                "True": {
                    "precision": 0.8050314465408805,
                    "recall": 0.8050314465408805,
                    "f1-score": 0.8050314465408805,
                    "support": 159.0
                },
                "accuracy": 0.8223495702005731,
                "macro avg": {
                    "precision": 0.8209367759020192,
                    "recall": 0.8209367759020192,
                    "f1-score": 0.8209367759020192,
                    "support": 349.0
                },
                "weighted avg": {
                    "precision": 0.8223495702005731,
                    "recall": 0.8223495702005731,
                    "f1-score": 0.8223495702005731,
                    "support": 349.0
                }
            },
            "KPI_TREND": {
                "False": {
                    "precision": 0.8247011952191236,
                    "recall": 0.8518518518518519,
                    "f1-score": 0.8380566801619433,
                    "support": 243.0
                },
                "True": {
                    "precision": 0.6326530612244898,
                    "recall": 0.5849056603773585,
                    "f1-score": 0.6078431372549019,
                    "support": 106.0
                },
                "accuracy": 0.7707736389684814,
                "macro avg": {
                    "precision": 0.7286771282218067,
                    "recall": 0.7183787561146051,
                    "f1-score": 0.7229499087084226,
                    "support": 349.0
                },
                "weighted avg": {
                    "precision": 0.766371389478633,
                    "recall": 0.7707736389684814,
                    "f1-score": 0.7681350883334437,
                    "support": 349.0
                }
            },
            "KPI_HISTORICAL_COMPARISON": {
                "False": {
                    "precision": 0.934640522875817,
                    "recall": 0.9285714285714286,
                    "f1-score": 0.9315960912052117,
                    "support": 308.0
                },
                "True": {
                    "precision": 0.4883720930232558,
                    "recall": 0.5121951219512195,
                    "f1-score": 0.5,
                    "support": 41.0
                },
                "accuracy": 0.8796561604584527,
                "macro avg": {
                    "precision": 0.7115063079495364,
                    "recall": 0.7203832752613241,
                    "f1-score": 0.7157980456026058,
                    "support": 349.0
                },
                "weighted avg": {
                    "precision": 0.8822135726639114,
                    "recall": 0.8796561604584527,
                    "f1-score": 0.8808928254762327,
                    "support": 349.0
                }
            },
            "TARGET_OUTLOOK": {
                "False": {
                    "precision": 0.9758308157099698,
                    "recall": 0.9728915662650602,
                    "f1-score": 0.9743589743589743,
                    "support": 332.0
                },
                "True": {
                    "precision": 0.5,
                    "recall": 0.5294117647058824,
                    "f1-score": 0.5142857142857142,
                    "support": 17.0
                },
                "accuracy": 0.9512893982808023,
                "macro avg": {
                    "precision": 0.7379154078549849,
                    "recall": 0.7511516654854713,
                    "f1-score": 0.7443223443223443,
                    "support": 349.0
                },
                "weighted avg": {
                    "precision": 0.9526528103602004,
                    "recall": 0.9512893982808023,
                    "f1-score": 0.9519485290258929,
                    "support": 349.0
                }
            },
            "NPS_GOAL_REACHED": {
                "False": {
                    "precision": 0.9942528735632183,
                    "recall": 0.9971181556195965,
                    "f1-score": 0.99568345323741,
                    "support": 347.0
                },
                "True": {
                    "precision": 0.0,
                    "recall": 0.0,
                    "f1-score": 0.0,
                    "support": 2.0
                },
                "accuracy": 0.9914040114613181,
                "macro avg": {
                    "precision": 0.49712643678160917,
                    "recall": 0.49855907780979825,
                    "f1-score": 0.497841726618705,
                    "support": 349.0
                },
                "weighted avg": {
                    "precision": 0.9885551493594176,
                    "recall": 0.9914040114613181,
                    "f1-score": 0.9899775308692873,
                    "support": 349.0
                }
            },
            "METHODOLOGY_DEFINITION": {
                "False": {
                    "precision": 0.9475308641975309,
                    "recall": 0.9446153846153846,
                    "f1-score": 0.9460708782742681,
                    "support": 325.0
                },
                "True": {
                    "precision": 0.28,
                    "recall": 0.2916666666666667,
                    "f1-score": 0.2857142857142857,
                    "support": 24.0
                },
                "accuracy": 0.8997134670487106,
                "macro avg": {
                    "precision": 0.6137654320987654,
                    "recall": 0.6181410256410257,
                    "f1-score": 0.6158925819942769,
                    "support": 349.0
                },
                "weighted avg": {
                    "precision": 0.9016261629346635,
                    "recall": 0.8997134670487106,
                    "f1-score": 0.9006595366655585,
                    "support": 349.0
                }
            },
            "QUALITATIVE_ONLY": {
                "False": {
                    "precision": 0.903010033444816,
                    "recall": 0.9246575342465754,
                    "f1-score": 0.9137055837563451,
                    "support": 292.0
                },
                "True": {
                    "precision": 0.56,
                    "recall": 0.49122807017543857,
                    "f1-score": 0.5233644859813084,
                    "support": 57.0
                },
                "accuracy": 0.8538681948424068,
                "macro avg": {
                    "precision": 0.731505016722408,
                    "recall": 0.707942802211007,
                    "f1-score": 0.7185350348688267,
                    "support": 349.0
                },
                "weighted avg": {
                    "precision": 0.8469883374380696,
                    "recall": 0.8538681948424068,
                    "f1-score": 0.849953599305981,
                    "support": 349.0
                }
            },
            "time_per_snippet": 1.1944190573065903
        },
        "Has Numeric NPS": {
            "has_numeric_nps": {
                "False": {
                    "precision": 0.8491620111731844,
                    "recall": 0.8306010928961749,
                    "f1-score": 0.8397790055248618,
                    "support": 183.0
                },
                "True": {
                    "precision": 0.8176470588235294,
                    "recall": 0.8373493975903614,