{
    "class_name": "QWEN_Candidate",
    "model_name": "Qwen/Qwen3-Embedding-4B",
    "model_input": "",
    "kwargs": {},
    "evaluation_results": {
        "NPS Value Category": {
            "nps_value_fix": {
                "correct_value": {
                    "precision": 1.0,
                    "recall": 0.815068493150685,
                    "f1-score": 0.8981132075471698,
                    "support": 146.0
                },
                "no_value": {
                    "precision": 0.9319371727748691,
                    "recall": 0.8768472906403941,
                    "f1-score": 0.9035532994923858,
                    "support": 203.0
                },
                "wrong_value": {
                    "precision": 0.0,
                    "recall": 0.0,
                    "f1-score": 0.0,
                    "support": 0.0
                },
                "accuracy": 0.8510028653295129,
                "macro avg": {
                    "precision": 0.643979057591623,
                    "recall": 0.5639719279303597,
                    "f1-score": 0.6005555023465186,
                    "support": 349.0
                },
                "weighted avg": {
                    "precision": 0.9604104472014281,
                    "recall": 0.8510028653295129,
                    "f1-score": 0.9012775017158772,
                    "support": 349.0
                }
            },
            "nps_competition_industry": {
                "correct_value": {
                    "precision": 1.0,
                    "recall": 0.2916666666666667,
                    "f1-score": 0.45161290322580644,
                    "support": 24.0
                },
                "no_value": {
                    "precision": 0.9522388059701492,
                    "recall": 0.9815384615384616,
                    "f1-score": 0.9666666666666667,
                    "support": 325.0
                },
                "wrong_value": {
                    "precision": 0.0,
                    "recall": 0.0,
                    "f1-score": 0.0,
                    "support": 0.0
                },
                "accuracy": 0.9340974212034384,
                "macro avg": {
                    "precision": 0.6507462686567164,
                    "recall": 0.4244017094017094,
                    "f1-score": 0.47275985663082437,
                    "support": 349.0
                },
                "weighted avg": {
                    "precision": 0.9555232433819442,
                    "recall": 0.9340974212034384,
                    "f1-score": 0.9312474966879255,
                    "support": 349.0
                }
            },
            "nps_value_over": {
                "correct_value": {
                    "precision": 1.0,
                    "recall": 0.17647058823529413,
                    "f1-score": 0.3,
                    "support": 17.0
                },
                "no_value": {
                    "precision": 0.9591836734693877,
                    "recall": 0.9909638554216867,
                    "f1-score": 0.9748148148148148,
                    "support": 332.0
                },
                "wrong_value": {
                    "precision": 0.0,
                    "recall": 0.0,
                    "f1-score": 0.0,
                    "support": 0.0
                },
                "accuracy": 0.9512893982808023,
                "macro avg": {
                    "precision": 0.6530612244897959,
                    "recall": 0.3891448145523269,
                    "f1-score": 0.4249382716049383,
                    "support": 349.0
                },
                "weighted avg": {
                    "precision": 0.9611718612946611,
                    "recall": 0.9512893982808023,
                    "f1-score": 0.9419441791361564,
                    "support": 349.0
                }
            },
            "nps_value_below": {
                "correct_value": {
                    "precision": 0.0,
                    "recall": 0.0,
                    "f1-score": 0.0,
                    "support": 2.0
                },
                "no_value": {
                    "precision": 0.994269340974212,
                    "recall": 1.0,
                    "f1-score": 0.9971264367816092,
                    "support": 347.0
                },
                "accuracy": 0.994269340974212,
                "macro avg": {
                    "precision": 0.497134670487106,
                    "recall": 0.5,
                    "f1-score": 0.4985632183908046,
                    "support": 349.0
                },
                "weighted avg": {
                    "precision": 0.988571522401294,
                    "recall": 0.994269340974212,
                    "f1-score": 0.9914122451668148,
                    "support": 349.0
                }
            },
            "nps_goal_value": {
                "correct_value": {
                    "precision": 1.0,
                    "recall": 0.4444444444444444,
                    "f1-score": 0.6153846153846154,
                    "support": 9.0
                },
                "no_value": {
                    "precision": 0.9854227405247813,
                    "recall": 0.9941176470588236,
                    "f1-score": 0.9897510980966325,
                    "support": 340.0
                },
                "wrong_value": {
                    "precision": 0.0,
                    "recall": 0.0,
                    "f1-score": 0.0,
                    "support": 0.0
                },
                "accuracy": 0.9799426934097422,
                "macro avg": {
                    "precision": 0.6618075801749271,
                    "recall": 0.47952069716775597,
                    "f1-score": 0.5350452378270827,
                    "support": 349.0
                },
                "weighted avg": {
                    "precision": 0.9857986583909044,
                    "recall": 0.9799426934097422,
                    "f1-score": 0.9800969481126551,
                    "support": 349.0
                }
            },
            "nps_goal_change": {
                "correct_value": {
                    "precision": 1.0,
                    "recall": 1.0,
                    "f1-score": 1.0,
                    "support": 1.0
                },
                "no_value": {
                    "precision": 1.0,
                    "recall": 1.0,
                    "f1-score": 1.0,
                    "support": 348.0
                },
                "accuracy": 1.0,
                "macro avg": {
                    "precision": 1.0,
                    "recall": 1.0,
                    "f1-score": 1.0,
                    "support": 349.0
                },
                "weighted avg": {
                    "precision": 1.0,
                    "recall": 1.0,
                    "f1-score": 1.0,
                    "support": 349.0
                }
            },
            "time_per_snippet": 4.050050186246419
        }
    }
}