{
    "class_name": "QWEN_Advanced",
    "model_name": "Qwen/Qwen3-Embedding-4B",
    "model_input": "",
    "kwargs": {},
    "evaluation_results": {
        "NPS Category": {
            "KPI_CURRENT_VALUE": {
                "False": {
                    "precision": 0.751412429378531,
                    "recall": 0.7,
                    "f1-score": 0.7247956403269755,
                    "support": 190.0
                },
                "True": {
                    "precision": 0.6686046511627907,
                    "recall": 0.7232704402515723,
                    "f1-score": 0.6948640483383686,
                    "support": 159.0
                },
                "accuracy": 0.7106017191977078,
                "macro avg": {
                    "precision": 0.7100085402706608,
                    "recall": 0.7116352201257861,
                    "f1-score": 0.709829844332672,
                    "support": 349.0
                },
                "weighted avg": {
                    "precision": 0.7136862496183513,
                    "recall": 0.7106017191977078,
                    "f1-score": 0.7111591843780113,
                    "support": 349.0
                }
            },
            "KPI_TREND": {
                "False": {
                    "precision": 0.8007968127490039,
                    "recall": 0.8271604938271605,
                    "f1-score": 0.8137651821862348,
                    "support": 243.0
                },
                "True": {
                    "precision": 0.5714285714285714,
                    "recall": 0.5283018867924528,
                    "f1-score": 0.5490196078431373,
                    "support": 106.0
                },
                "accuracy": 0.7363896848137536,
                "macro avg": {
                    "precision": 0.6861126920887877,
                    "recall": 0.6777311903098067,
                    "f1-score": 0.6813923950146861,
                    "support": 349.0
                },
                "weighted avg": {
                    "precision": 0.7311319600843453,
                    "recall": 0.7363896848137536,
                    "f1-score": 0.7333553515834602,
                    "support": 349.0
                }
            },
            "KPI_HISTORICAL_COMPARISON": {
                "False": {
                    "precision": 0.9230769230769231,
                    "recall": 0.8961038961038961,
                    "f1-score": 0.9093904448105437,
                    "support": 308.0
                },
                "True": {
                    "precision": 0.36,
                    "recall": 0.43902439024390244,
                    "f1-score": 0.3956043956043956,
                    "support": 41.0
                },
                "accuracy": 0.8424068767908309,
                "macro avg": {
                    "precision": 0.6415384615384616,
                    "recall": 0.6675641431738992,
                    "f1-score": 0.6524974202074696,
                    "support": 349.0
                },
                "weighted avg": {
                    "precision": 0.8569274851223275,
                    "recall": 0.8424068767908309,
                    "f1-score": 0.849031625276297,
                    "support": 349.0
                }
            },
            "TARGET_OUTLOOK": {
                "False": {
                    "precision": 0.9817073170731707,
                    "recall": 0.9698795180722891,
                    "f1-score": 0.9757575757575757,
                    "support": 332.0
                },
                "True": {
                    "precision": 0.5238095238095238,
                    "recall": 0.6470588235294118,
                    "f1-score": 0.5789473684210527,
                    "support": 17.0
                },
                "accuracy": 0.9541547277936963,
                "macro avg": {
                    "precision": 0.7527584204413473,
                    "recall": 0.8084691708008505,
                    "f1-score": 0.7773524720893141,
                    "support": 349.0
                },
                "weighted avg": {
                    "precision": 0.9594028400374058,
                    "recall": 0.9541547277936963,
                    "f1-score": 0.9564287117898942,
                    "support": 349.0
                }
            },
            "NPS_GOAL_REACHED": {
                "False": {
                    "precision": 0.9942363112391931,
                    "recall": 0.9942363112391931,
                    "f1-score": 0.9942363112391931,
                    "support": 347.0
                },
                "True": {
                    "precision": 0.0,
                    "recall": 0.0,
                    "f1-score": 0.0,
                    "support": 2.0
                },
                "accuracy": 0.9885386819484241,
                "macro avg": {
                    "precision": 0.49711815561959655,
                    "recall": 0.49711815561959655,
                    "f1-score": 0.49711815561959655,
                    "support": 349.0
                },
                "weighted avg": {
                    "precision": 0.9885386819484241,
                    "recall": 0.9885386819484241,
                    "f1-score": 0.9885386819484241,
                    "support": 349.0
                }
            },
            "METHODOLOGY_DEFINITION": {
                "False": {
                    "precision": 0.9493670886075949,
                    "recall": 0.9230769230769231,
                    "f1-score": 0.9360374414976599,
                    "support": 325.0
                },
                "True": {
                    "precision": 0.24242424242424243,
                    "recall": 0.3333333333333333,
                    "f1-score": 0.2807017543859649,
                    "support": 24.0
                },
                "accuracy": 0.8825214899713467,
                "macro avg": {
                    "precision": 0.5958956655159187,
                    "recall": 0.6282051282051282,
                    "f1-score": 0.6083695979418124,
                    "support": 349.0
                },
                "weighted avg": {
                    "precision": 0.9007521077812325,
                    "recall": 0.8825214899713467,
                    "f1-score": 0.8909713770544488,
                    "support": 349.0
                }
            },
            "QUALITATIVE_ONLY": {
                "False": {
                    "precision": 0.8866666666666667,
                    "recall": 0.910958904109589,
                    "f1-score": 0.8986486486486487,
                    "support": 292.0
                },
                "True": {
                    "precision": 0.46938775510204084,
                    "recall": 0.40350877192982454,
                    "f1-score": 0.4339622641509434,
                    "support": 57.0
                },
                "accuracy": 0.828080229226361,
                "macro avg": {
                    "precision": 0.6780272108843538,
                    "recall": 0.6572338380197068,
                    "f1-score": 0.6663054563997961,
                    "support": 349.0
                },
                "weighted avg": {
                    "precision": 0.8185150965830459,
                    "recall": 0.828080229226361,
                    "f1-score": 0.822754310779396,
                    "support": 349.0
                }
            },
            "time_per_snippet": 2.022818464183381
        },
        "Has Numeric NPS": {
            "has_numeric_nps": {
                "False": {
                    "precision": 0.8857142857142857,
                    "recall": 0.8469945355191257,
                    "f1-score": 0.8659217877094972,
                    "support": 183.0
                },
                "True": {
                    "precision": 0.8390804597701149,
                    "recall": 0.8795180722891566,